﻿<DialogueTree xmlns:xsi="http://www.w3.org/2001/XMLSchema-instance" xsi:noNamespaceSchemaLocation="https://raw.githubusercontent.com/Outer-Wilds-New-Horizons/new-horizons/main/NewHorizons/Schemas/dialogue_schema.xsd">
	<DialogueNode>
		<Name>Feldspar_RH_CoolThing</Name>
		<EntryCondition>CUSTOM_CONDITION_COOLTHINGHELD</EntryCondition>
		<EntryCondition>TalkedToFeldspar</EntryCondition>
		<Dialogue>
			<Page>Oho! Hatchling, is that a piece of <![CDATA[<i>treasure</i>]]> you're carrying?</Page>
			<Page>Heh. Well well, I must say, I'm a bit proud! Come on, pull up a marshmallow stick, fellow adventurer.</Page>
		</Dialogue>
		<DialogueOptionsList>
			<DialogueOption>
				<Text>I found something!</Text>
				<DialogueTarget>FoundSomethingMenu</DialogueTarget>
			</DialogueOption>
			<DialogueOption>
				<Text>Where should I explore here?</Text>
				<DialogueTarget>FeldsparExplore</DialogueTarget>
			</DialogueOption>
			<DialogueOption>
				<Text>You reached the core of Giant’s Deep? How’d you do it?</Text>
				<DialogueTarget>FeldsparCore</DialogueTarget>
			</DialogueOption>
			<DialogueOption>
				<Text>Where’s your ship?</Text>
				<DialogueTarget>FeldsparShipwreck</DialogueTarget>
			</DialogueOption>
			<DialogueOption>
				<Text>What happened to this anglerfish?</Text>
				<DialogueTarget>FeldsparFish</DialogueTarget>
			</DialogueOption>
			<DialogueOption>
				<Text>Shouldn’t I tell ground control to come get you?</Text>
				<DialogueTarget>FeldsparRescue</DialogueTarget>
			</DialogueOption>
			<DialogueOption>
				<Text>Nah, I’m good.</Text>
				<DialogueTarget>FeldsparGood</DialogueTarget>
			</DialogueOption>
		</DialogueOptionsList>
	</DialogueNode>
	<DialogueNode>
		<Name>Feldspar_RH_Boom</Name>
		<EntryCondition>CUSTOM_CONDITION_BOOM</EntryCondition>
		<Dialogue>
			<Page>…Whoa. Say, hatchling, you weren't expecting anyone else coming here, were you? It sounds like someone crash landed!</Page>
		</Dialogue>
		<SetCondition>Feldspar_SILENT</SetCondition>
	</DialogueNode>
	<DialogueNode>
		<Name>Feldspar_RH_Silent</Name>
		<EntryCondition>Feldspar_SILENT</EntryCondition>
		<Dialogue>
			<Page>…That doesn't sound good.</Page>
		</Dialogue>
	</DialogueNode>
</DialogueTree>
